{"cameraMode":{"drawMode":0,"name":"Shaded","section":"Shading Mode"},"sceneLighting":false,"audioPlay":false,"sceneViewState":{"m_AlwaysRefresh":false,"showFog":true,"showSkybox":false,"showFlares":true,"showImageEffects":true,"showParticleSystems":true,"showVisualEffectGraphs":true,"m_FxEnabled":true},"in2DMode":false,"pivot":{"x":19.534530639648439,"y":-39.59580993652344,"z":-68.08348846435547},"rotation":{"x":0.01054321974515915,"y":0.9620965123176575,"z":-0.2700008153915405,"w":0.037534940987825397},"size":43.605342864990237,"orthographic":false}